notification_id,member_id,notification_date,notification_type
1,48,2025-04-25 00:00:00+00:00,Overdue Alert
2,33,2025-04-23 00:00:00+00:00,Due Date Alert
3,11,2025-04-26 00:00:00+00:00,Reservation
4,3,2025-04-24 00:00:00+00:00,Due Date Alert
5,43,2025-04-27 00:00:00+00:00,Overdue Alert
6,11,2025-04-26 00:00:00+00:00,Due Date Alert
7,1,2025-04-22 00:00:00+00:00,Due Date Alert
8,7,2025-04-24 00:00:00+00:00,Reservation
9,16,2025-04-20 00:00:00+00:00,Overdue Alert
10,1,2025-04-21 00:00:00+00:00,Reservation
